"id","tconst.x","primaryTitle","isAdult","release_date","startYear","genre_names","tconst.y","nconst","category"
1899,"tt0371746","Iron Man","0","2008-04-30","2008","['Action', 'Science Fiction', 'Adventure']","tt0371746","nm0495603","editor"
1899,"tt0371746","Iron Man","0","2008-04-30","2008","['Action', 'Science Fiction', 'Adventure']","tt0371746","nm1319757","writer"
1899,"tt0371746","Iron Man","0","2008-04-30","2008","['Action', 'Science Fiction', 'Adventure']","tt0371746","nm0046223","actor"
1899,"tt0371746","Iron Man","0","2008-04-30","2008","['Action', 'Science Fiction', 'Adventure']","tt0371746","nm1014697","composer"
1899,"tt0371746","Iron Man","0","2008-04-30","2008","['Action', 'Science Fiction', 'Adventure']","tt0371746","nm0810488","actor"
1899,"tt0371746","Iron Man","0","2008-04-30","2008","['Action', 'Science Fiction', 'Adventure']","tt0371746","nm0278168","casting_director"
1899,"tt0371746","Iron Man","0","2008-04-30","2008","['Action', 'Science Fiction', 'Adventure']","tt0371746","nm0000313","actor"
1899,"tt0371746","Iron Man","0","2008-04-30","2008","['Action', 'Science Fiction', 'Adventure']","tt0371746","nm1436466","writer"
1899,"tt0371746","Iron Man","0","2008-04-30","2008","['Action', 'Science Fiction', 'Adventure']","tt0371746","nm0032696","producer"
1899,"tt0371746","Iron Man","0","2008-04-30","2008","['Action', 'Science Fiction', 'Adventure']","tt0371746","nm0004753","actress"
1899,"tt0371746","Iron Man","0","2008-04-30","2008","['Action', 'Science Fiction', 'Adventure']","tt0371746","nm0269463","director"
1899,"tt0371746","Iron Man","0","2008-04-30","2008","['Action', 'Science Fiction', 'Adventure']","tt0371746","nm0384900","casting_director"
1899,"tt0371746","Iron Man","0","2008-04-30","2008","['Action', 'Science Fiction', 'Adventure']","tt0371746","nm0391344","writer"
1899,"tt0371746","Iron Man","0","2008-04-30","2008","['Action', 'Science Fiction', 'Adventure']","tt0371746","nm0508732","cinematographer"
1899,"tt0371746","Iron Man","0","2008-04-30","2008","['Action', 'Science Fiction', 'Adventure']","tt0371746","nm0000375","actor"
1899,"tt0371746","Iron Man","0","2008-04-30","2008","['Action', 'Science Fiction', 'Adventure']","tt0371746","nm0163988","actor"
1899,"tt0371746","Iron Man","0","2008-04-30","2008","['Action', 'Science Fiction', 'Adventure']","tt0371746","nm1318843","writer"
1899,"tt0371746","Iron Man","0","2008-04-30","2008","['Action', 'Science Fiction', 'Adventure']","tt0371746","nm0000569","actress"
1899,"tt0371746","Iron Man","0","2008-04-30","2008","['Action', 'Science Fiction', 'Adventure']","tt0371746","nm0728951","production_designer"
1899,"tt0371746","Iron Man","0","2008-04-30","2008","['Action', 'Science Fiction', 'Adventure']","tt0371746","nm0846687","actor"
1899,"tt0371746","Iron Man","0","2008-04-30","2008","['Action', 'Science Fiction', 'Adventure']","tt0371746","nm0005024","actor"
1899,"tt0371746","Iron Man","0","2008-04-30","2008","['Action', 'Science Fiction', 'Adventure']","tt0371746","nm0270559","producer"
1899,"tt0371746","Iron Man","0","2008-04-30","2008","['Action', 'Science Fiction', 'Adventure']","tt0371746","nm0869467","actor"
1900,"tt1228705","Iron Man 2","0","2010-04-28","2010","['Adventure', 'Action', 'Science Fiction']","tt1228705","nm0495603","editor"
1900,"tt1228705","Iron Man 2","0","2010-04-28","2010","['Adventure', 'Action', 'Science Fiction']","tt1228705","nm0498278","writer"
1900,"tt1228705","Iron Man 2","0","2010-04-28","2010","['Adventure', 'Action', 'Science Fiction']","tt1228705","nm0000168","actor"
1900,"tt1228705","Iron Man 2","0","2010-04-28","2010","['Adventure', 'Action', 'Science Fiction']","tt1228705","nm0000375","actor"
1900,"tt1228705","Iron Man 2","0","2010-04-28","2010","['Adventure', 'Action', 'Science Fiction']","tt1228705","nm0424060","actress"
1900,"tt1228705","Iron Man 2","0","2010-04-28","2010","['Adventure', 'Action', 'Science Fiction']","tt1228705","nm0163988","actor"
1900,"tt1228705","Iron Man 2","0","2010-04-28","2010","['Adventure', 'Action', 'Science Fiction']","tt1228705","nm0805476","actor"
1900,"tt1228705","Iron Man 2","0","2010-04-28","2010","['Adventure', 'Action', 'Science Fiction']","tt1228705","nm1582709","casting_director"
1900,"tt1228705","Iron Man 2","0","2010-04-28","2010","['Adventure', 'Action', 'Science Fiction']","tt1228705","nm0000332","actor"
1900,"tt1228705","Iron Man 2","0","2010-04-28","2010","['Adventure', 'Action', 'Science Fiction']","tt1228705","nm1411347","writer"
1900,"tt1228705","Iron Man 2","0","2010-04-28","2010","['Adventure', 'Action', 'Science Fiction']","tt1228705","nm0269463","director"
1900,"tt1228705","Iron Man 2","0","2010-04-28","2010","['Adventure', 'Action', 'Science Fiction']","tt1228705","nm0669362","editor"
1900,"tt1228705","Iron Man 2","0","2010-04-28","2010","['Adventure', 'Action', 'Science Fiction']","tt1228705","nm0728951","production_designer"
1900,"tt1228705","Iron Man 2","0","2010-04-28","2010","['Adventure', 'Action', 'Science Fiction']","tt1228705","nm0278168","casting_director"
1900,"tt1228705","Iron Man 2","0","2010-04-28","2010","['Adventure', 'Action', 'Science Fiction']","tt1228705","nm0000569","actress"
1900,"tt1228705","Iron Man 2","0","2010-04-28","2010","['Adventure', 'Action', 'Science Fiction']","tt1228705","nm0000620","actor"
1900,"tt1228705","Iron Man 2","0","2010-04-28","2010","['Adventure', 'Action', 'Science Fiction']","tt1228705","nm0384900","casting_director"
1900,"tt1228705","Iron Man 2","0","2010-04-28","2010","['Adventure', 'Action', 'Science Fiction']","tt1228705","nm0270559","producer"
1900,"tt1228705","Iron Man 2","0","2010-04-28","2010","['Adventure', 'Action', 'Science Fiction']","tt1228705","nm0002201","composer"
1900,"tt1228705","Iron Man 2","0","2010-04-28","2010","['Adventure', 'Action', 'Science Fiction']","tt1228705","nm0857620","writer"
1900,"tt1228705","Iron Man 2","0","2010-04-28","2010","['Adventure', 'Action', 'Science Fiction']","tt1228705","nm0788009","actor"
1900,"tt1228705","Iron Man 2","0","2010-04-28","2010","['Adventure', 'Action', 'Science Fiction']","tt1228705","nm0508732","cinematographer"
1900,"tt1228705","Iron Man 2","0","2010-04-28","2010","['Adventure', 'Action', 'Science Fiction']","tt1228705","nm0005377","actor"
1900,"tt1228705","Iron Man 2","0","2010-04-28","2010","['Adventure', 'Action', 'Science Fiction']","tt1228705","nm1293367","writer"
