"nconst","primaryName","knownForTitles"
"nm0000168","Samuel L. Jackson","tt0110912,tt3460252,tt0417148,tt4154664"
"nm0000313","Jeff Bridges","tt0118715,tt1263670,tt1403865,tt0088172"
"nm0000332","Don Cheadle","tt0375679,tt1540133,tt0395169,tt0790770"
"nm0000375","Robert Downey Jr.","tt0371746,tt1300854,tt0988045,tt4154796"
"nm0000569","Gwyneth Paltrow","tt0138097,tt0120148,tt0116191,tt1300854"
"nm0000620","Mickey Rourke","tt0401792,tt1125849,tt0092563,tt1228705"
"nm0002201","John Debney","tt3040964,tt1485796,tt0335345,tt1228705"
"nm0004753","Leslie Bibb","tt0371746,tt1197624,tt1129427,tt1228705"
"nm0005024","Terrence Howard","tt0375679,tt0410097,tt0371746,tt0430105"
"nm0005377","Sam Rockwell","tt1182345,tt5027774,tt0270288,tt1931533"
"nm0032696","Avi Arad","tt4633694,tt9362722,tt5108870,tt0371746"
"nm0046223","Sayed Badreya","tt0371746,tt0960144,tt1800763,tt0808148"
"nm0163988","Clark Gregg","tt0848228,tt2364582,tt0462128,tt1024715"
"nm0269463","Jon Favreau","tt2883512,tt0117802,tt0371746,tt8111088"
"nm0270559","Kevin Feige","tt1825683,tt4154796,tt2015381,tt10872600"
"nm0278168","Sarah Finn","tt0375679,tt4154796,tt6710474,tt5027774"
"nm0384900","Randi Hiller","tt0375679,tt0371746,tt0247425,tt0250224"
"nm0391344","Matt Holloway","tt0371746,tt3371366,tt1464335,tt2283336"
"nm0424060","Scarlett Johansson","tt0335266,tt1798709,tt0848228,tt3480822"
"nm0495603","Dan Lebental","tt0371746,tt0478970,tt0331811,tt2250912"
"nm0498278","Stan Lee","tt2250912,tt1825683,tt1211837,tt3896198"
"nm0508732","Matthew Libatique","tt0947798,tt0138704,tt0180093,tt1517451"
"nm0669362","Richard Pearson","tt0475276,tt0830515,tt0120912,tt0327850"
"nm0728951","J. Michael Riva","tt0371746,tt1853728,tt0088939,tt0382992"
"nm0788009","Garry Shandling","tt0103466,tt0090459,tt1843866,tt1228705"
"nm0805476","John Slattery","tt1895587,tt1385826,tt0478970,tt3498820"
"nm0810488","Bill Smitrovich","tt0210714,tt0090410,tt0118571,tt1637725"
"nm0846687","Faran Tahir","tt0371746,tt0796366,tt23793170,tt1211956"
"nm0857620","Justin Theroux","tt0166924,tt1240982,tt0144084,tt3631112"
"nm0869467","Shaun Toub","tt10577736,tt1233205,tt0375679,tt0419887"
"nm1014697","Ramin Djawadi","tt0944947,tt0371746,tt0475784,tt1663662"
"nm1293367","Larry Lieber","tt0371746,tt0478970,tt4154796,tt10648342"
"nm1411347","Don Heck","tt0371746,tt4154796,tt6791350,tt1300854"
"nm1436466","Art Marcum","tt0371746,tt3371366,tt1464335,tt2283336"
"nm1582709","Corinne Renard-Bendjadi","tt1103153,tt1228705,tt4477536,tt4465564"
